permit_type,issue_date,property_address,owner_name,owner_first_name,owner_last_name,job_valuation
Residential Roof Trade Permit,2026-05-01,"16120 Starling Crossing Dr, Lithia FL 33547",,,,
Residential Roof Trade Permit,2026-05-01,"20110 Satin Leaf Ave, Tampa FL 33647",,,,
Residential Roof Trade Permit,2026-05-01,"527 Julie Ln, Brandon FL 33511",,,,
Residential Roof Trade Permit,2026-05-01,"8303 Bahia Ave, Tampa FL 33619",,,,
Residential Roof Trade Permit,2026-05-01,"3409 Sherry Dr, Brandon FL 33511",,,,
Residential Roof Trade Permit,2026-05-01,"20771 Great Laurel Ave, Tampa FL 33647",,,,
Residential Roof Trade Permit,2026-04-30,"4219 N 56th St, Tampa FL 33610",Skip to main content,Skip,To Main Content,
Residential Roof Trade Permit,2026-04-30,"3226 Laurel Dale Dr, Tampa FL 33618",,,,
Residential Roof Trade Permit,2026-04-30,"1001 W College Ave, Ruskin FL 33570",,,,
Residential Roof Trade Permit,2026-04-30,"12226 Creek Edge Dr, Riverview FL 33579",,,,
Residential Roof Trade Permit,2026-04-30,"2602 S Miller Rd, Valrico FL 33596",,,,
Residential Roof Trade Permit,2026-04-30,"12006 Gaines Ct, Tampa FL 33618",,,,
Residential Roof Trade Permit,2026-04-29,"6313 Frost Dr, Tampa FL 33625",,,,
Residential Roof Trade Permit,2026-04-29,"1358 Dab Dr, Seffner FL 33584",,,,
Residential Roof Trade Permit,2026-04-29,"9804 Riverview Dr, Riverview FL 33578",,,,
Residential Roof Trade Permit,2026-04-29,"1342 Bluewater Dr, Sun City Center FL 33573",,,,
Residential Roof Trade Permit,2026-04-29,"1301 Valley Grove Dr, Seffner FL 33584",,,,
Residential Roof Trade Permit,2026-04-29,"6610 W Chelsea St, Tampa FL 33634",,,,
Residential Roof Trade Permit,2026-04-29,"6251 Kingbird Manor Dr, Lithia FL 33547",,,,
Residential Roof Trade Permit,2026-04-29,"10950 Brickside Ct, Riverview FL 33579",,,,
Residential Roof Trade Permit,2026-04-29,"1303 Dab Dr, Seffner FL 33584",,,,
Residential Roof Trade Permit,2026-04-29,"10914 Australian Pine Dr, Riverview FL 33579",,,,
Residential Roof Trade Permit,2026-04-29,"1205 E Knights Griffin Rd, Plant City FL 33565",,,,
Residential Roof Trade Permit,2026-04-29,"4803 Umber Ct, Tampa FL 33624",,,,
Residential Roof Trade Permit,2026-04-29,"1213 Humble Haven St, Ruskin FL 33570",,,,
Residential Roof Trade Permit,2026-04-29,"16901 Rolling Rock Dr, Tampa FL 33618",,,,
Residential Roof Trade Permit,2026-04-29,"6911 Reindeer Rd, Tampa FL 33619",,,,
Residential Roof Trade Permit,2026-04-29,"6222 Florence St, Gibsonton FL 33534",,,,
Residential Roof Trade Permit,2026-04-29,"3203 Russett Dr, Tampa FL 33618",,,,
Residential Roof Trade Permit,2026-04-29,"3302 La Habra Ct, Tampa FL 33614",,,,
Residential Roof Trade Permit,2026-04-29,"18914 Maisons Dr, Lutz FL 33558",,,,
Residential Roof Trade Permit,2026-04-29,"1422 Main St, Valrico FL 33594",,,,
Residential Roof Trade Permit,2026-04-29,"10225 Evening Trail Dr, Riverview FL 33569",,,,
Residential Roof Trade Permit,2026-04-29,"10405 Salisbury St, Riverview FL 33569",,,,
Residential Roof Trade Permit,2026-04-29,"5907 8th Ave S, Tampa FL 33619",,,,
Residential Roof Trade Permit,2026-04-29,"1111 Bristolwood St, Brandon FL 33510",,,,
Residential Roof Trade Permit,2026-04-29,"7720 Tangle Brook Blvd, Gibsonton FL 33534",,,,
Residential Roof Trade Permit,2026-04-29,"1902 Bell Ranch St, Brandon FL 33511",,,,
Residential Roof Trade Permit,2026-04-29,"2040 Elk Spring Dr, Brandon FL 33511",,,,
Residential Roof Trade Permit,2026-04-29,"1301 Dab Dr, Seffner FL 33584",,,,
Residential Roof Trade Permit,2026-04-29,"4604 Burkett Cir, Tampa FL 33634",,,,
Residential Roof Trade Permit,2026-04-29,"2014 Helm Ln, Valrico FL 33594",,,,
Residential Roof Trade Permit,2026-04-29,"1330 Valley Grove Dr, Seffner FL 33584",,,,
Residential Roof Trade Permit,2026-04-29,"6205 Forrestal Dr, Tampa FL 33625",,,,
Residential Roof Trade Permit,2026-04-29,"9201 Grand Palm Ct, Riverview FL 33578",,,,
Residential Roof Trade Permit,2026-04-29,"909 Wicketrun Dr, Brandon FL 33510",,,,
Residential Roof Trade Permit,2026-04-29,"1213 Humble Haven St, Ruskin FL 33570",,,,
Residential Roof Trade Permit,2026-04-29,"1328 Valley Grove Dr, Seffner FL 33584",,,,
Residential Roof Trade Permit,2026-04-29,"13506 Colorado Pl, Tampa FL 33626",,,,
Residential Roof Trade Permit,2026-04-29,"1303 Valley Grove Dr, Seffner FL 33584",,,,
Residential Roof Trade Permit,2026-04-29,"4305 Ashby Ln, Tampa FL 33624",,,,
Residential Roof Trade Permit,2026-04-29,"8319 Arabian Dunes Pl, Riverview FL 33578",,,,
Residential Roof Trade Permit,2026-04-29,"12719 Longcrest Dr, Riverview FL 33579",,,,
Residential Roof Trade Permit,2026-04-29,"522 Highview Cir N, Brandon FL 33510",,,,
Residential Roof Trade Permit,2026-04-29,"6829 Rosemary Dr, Tampa FL 33625",,,,
Residential Roof Trade Permit,2026-04-29,"3218 Mapleridge Dr, Lutz FL 33558",,,,
Residential Roof Trade Permit,2026-04-29,"15304 Bellamy Rd, Tampa FL 33625",,,,
Residential Roof Trade Permit,2026-04-29,"2321 Pleasure Run Dr, Ruskin FL 33570",,,,
Residential Roof Trade Permit,2026-04-29,"1360 Dab Dr, Seffner FL 33584",,,,
Residential Roof Trade Permit,2026-04-29,"16611 Ashton Green Dr, Lutz FL 33558",,,,
Residential Roof Trade Permit,2026-04-29,"4604 Old Saybrook Ave, Tampa FL 33624",,,,
Residential Roof Trade Permit,2026-04-29,"11535 Tangle Branch Ln, Gibsonton FL 33534",,,,
Residential Roof Trade Permit,2026-04-29,"2624 Red Fern Dr, Dover FL 33527",,,,
Residential Roof Trade Permit,2026-04-29,"2905 Folklore Dr, Valrico FL 33596",,,,
Residential Roof Trade Permit,2026-04-29,"3412 Graycliff Ln, Brandon FL 33511",,,,
Residential Roof Trade Permit,2026-04-29,"9804 Riverview Dr, Riverview FL 33578",,,,
Residential Roof Trade Permit,2026-04-29,"11810 Tangle Weed Way, Gibsonton FL 33534",,,,
Residential Roof Trade Permit,2026-04-29,"3205 Laurel Dale Dr, Tampa FL 33618",,,,
Residential Roof Trade Permit,2026-04-29,"11861 Branch Mooring Dr, Tampa FL 33635",,,,
Residential Roof Trade Permit,2026-04-28,"9035 Breland Dr, Tampa FL 33626",,,,
Residential Roof Trade Permit,2026-04-28,"16121 Sandcrest Way, Tampa FL 33618",,,,
Residential Roof Trade Permit,2026-04-28,"8323 W Elm St, Tampa FL 33615",,,,
Residential Roof Trade Permit,2026-04-28,"3614 Elk Ridge Ln, Valrico FL 33596",,,,
Residential Roof Trade Permit,2026-04-28,"4304 Southpark Dr, Tampa FL 33624",,,,
Residential Roof Trade Permit,2026-04-28,"504 Hidden Lake Dr, Brandon FL 33511",,,,
Residential Roof Trade Permit,2026-04-28,"14439 Haddon Mist Dr, Wimauma FL 33598",,,,
Residential Roof Trade Permit,2026-04-28,"4326 Honey Vista Cir, Tampa FL 33624",,,,
Residential Roof Trade Permit,2026-04-28,"2411 Birds Eye Ct, Ruskin FL 33570",,,,
Residential Roof Trade Permit,2026-04-28,"13312 Lake George Ln, Tampa FL 33618",,,,
Residential Roof Trade Permit,2026-04-28,"2605 Dad Weldon Rd, Dover FL 33527",,,,
Residential Roof Trade Permit,2026-04-28,"7263 Somerset Pond Dr, Sun City Center FL 33573",,,,
Residential Roof Trade Permit,2026-04-28,"2825 Tammarron Ln, Brandon FL 33511",,,,
Residential Roof Trade Permit,2026-04-28,"1412 Highview Rd, Brandon FL 33510",,,,
Residential Roof Trade Permit,2026-04-28,"2406 Cumberland Cliff Dr, Ruskin FL 33570",,,,
Residential Roof Trade Permit,2026-04-28,"2014 Helm Ln, Valrico FL 33594",,,,
Residential Roof Trade Permit,2026-04-28,"8919 Donna Lu Dr, Odessa FL 33556",,,,
Residential Roof Trade Permit,2026-04-28,"4524 Golfwood Blvd, Tampa FL 33634",,,,
Residential Roof Trade Permit,2026-04-28,"5001 Pennsbury Dr, Tampa FL 33624",,,,
Residential Roof Trade Permit,2026-04-28,"1935 Floresta View Dr, Tampa FL 33618",,,,
Residential Roof Trade Permit,2026-04-28,"17115 Falconridge Rd, Lithia FL 33547",,,,
Residential Roof Trade Permit,2026-04-28,"19705 Sea Rider Way, Lutz FL 33559",,,,
Residential Roof Trade Permit,2026-04-28,"4439 Mohican Trl, Valrico FL 33594",,,,
Residential Roof Trade Permit,2026-04-28,"6632 Waterton Dr, Riverview FL 33578",,,,
Residential Roof Trade Permit,2026-04-28,"4248 Forester Ln, Tampa FL 33618",,,,
Residential Roof Trade Permit,2026-04-28,"16509 Ashwood Dr, Tampa FL 33624",,,,
Residential Roof Trade Permit,2026-04-28,"519 Red Mangrove Ln, Apollo Beach FL 33572",,,,
Residential Roof Trade Permit,2026-04-28,"16408 East Course Dr, Tampa FL 33624",,,,
Residential Roof Trade Permit,2026-04-28,"9548 McIntosh Rd, Dover FL 33527",,,,
Residential Roof Trade Permit,2026-04-28,"13604 Heritage Way, Tampa FL 33613",,,,
Residential Roof Trade Permit,2026-04-28,"1803 Twin Oaks Cir, Wimauma FL 33598",,,,
Residential Roof Trade Permit,2026-04-28,"6117 Crickethollow Dr, Riverview FL 33578",,,,
Residential Roof Trade Permit,2026-04-28,"14301 Lofton Way, Tampa FL 33625",,,,
Residential Roof Trade Permit,2026-04-28,"8613 Chadwick Dr, Tampa FL 33635",,,,
Residential Roof Trade Permit,2026-04-28,"2020 W Del Webb Blvd, Sun City Center FL 33573",,,,
Residential Roof Trade Permit,2026-04-28,"7803 N Matanzas Ave, Tampa FL 33614",,,,
Residential Roof Trade Permit,2026-04-28,"3138 W Sligh Ave, Tampa FL 33614",,,,
Residential Roof Trade Permit,2026-04-28,"1344 Bluewater Dr, Sun City Center FL 33573",,,,
Residential Roof Trade Permit,2026-04-28,"20115 Bay Cedar Ave, Tampa FL 33647",,,,
Residential Roof Trade Permit,2026-04-28,"18105 Spencer Rd, Odessa FL 33556",,,,
Residential Roof Trade Permit,2026-04-28,"5018 S 87th St, Tampa FL 33619",,,,
Residential Roof Trade Permit,2026-04-28,"20338 Merry Oak Ave, Tampa FL 33647",,,,
Residential Roof Trade Permit,2026-04-28,"13131 Done Groven Dr, Dover FL 33527",,,,
Residential Roof Trade Permit,2026-04-28,"8703 Veranda Way, Tampa FL 33635",,,,
Residential Roof Trade Permit,2026-04-28,"11601 Innfields Dr, Odessa FL 33556",,,,
Residential Roof Trade Permit,2026-04-28,"8307 W Elm St, Tampa FL 33615",,,,
Residential Roof Trade Permit,2026-04-28,"15409 Long Cypress Dr, Sun City Center FL 33573",,,,
Residential Roof Trade Permit,2026-04-28,"1207 Lady Elaine Dr, Valrico FL 33594",,,,
Residential Roof Trade Permit,2026-04-28,"6502 Reef Cir, Tampa FL 33625",,,,
Residential Roof Trade Permit,2026-04-28,"2509 Regal Oaks Ln, Lutz FL 33559",,,,
Residential Roof Trade Permit,2026-04-28,"20036 Nob Oak Ave, Tampa FL 33647",,,,
Residential Roof Trade Permit,2026-04-28,"9548 McIntosh Rd, Dover FL 33527",,,,
Residential Roof Trade Permit,2026-04-28,"7043 Silvermill Dr, Tampa FL 33635",,,,
Residential Roof Trade Permit,2026-04-27,"405 Vine Keeper Ct, Seffner FL 33584",,,,
Residential Roof Trade Permit,2026-04-27,"8914 N River Rd, Tampa FL 33635",,,,
Residential Roof Trade Permit,2026-04-27,"9504 Camden Hill Ct, Tampa FL 33615",,,,
Residential Roof Trade Permit,2026-04-27,"2501 Rich Mar Ln, Brandon FL 33511",,,,
Residential Roof Trade Permit,2026-04-27,"214 6th Ave SW, Ruskin FL 33570",,,,
Residential Roof Trade Permit,2026-04-27,"11653 Sunshine Pond Rd, Tampa FL 33635",,,,
Residential Roof Trade Permit,2026-04-27,"4637 Cabbage Palm Dr, Valrico FL 33596",,,,
Residential Roof Trade Permit,2026-04-27,"530 Oak Creek Dr, Brandon FL 33511",,,,
Residential Roof Trade Permit,2026-04-27,"5405 Marlwood Ct, Tampa FL 33624",,,,
Residential Roof Trade Permit,2026-04-27,"2603 Cathedral Oaks Pl, Plant City FL 33565",,,,
Residential Roof Trade Permit,2026-04-27,"9701 Port Colony Way, Tampa FL 33615",,,,
Residential Roof Trade Permit,2026-04-27,"124 Laurel Tree Way, Brandon FL 33511",,,,
Residential Roof Trade Permit,2026-04-27,"11032 Airview Dr, Tampa FL 33625",,,,
Residential Roof Trade Permit,2026-04-27,"13508 Greenleaf Dr, Tampa FL 33613",,,,
Residential Roof Trade Permit,2026-04-27,"117 Hickory Creek Dr, Brandon FL 33511",,,,
Residential Roof Trade Permit,2026-04-27,"11514 Ashton Field Ave, Riverview FL 33579",,,,
Residential Roof Trade Permit,2026-04-27,"1017 Cornwall Ct, Brandon FL 33510",,,,
Residential Roof Trade Permit,2026-04-27,"10706 Estates Del Sol Dr, Riverview FL 33579",,,,
Residential Roof Trade Permit,2026-04-27,"6606 Muck Pond Rd, Seffner FL 33584",,,,
Residential Roof Trade Permit,2026-04-27,"15611 Howell Park Ln, Tampa FL 33625",,,,
Residential Roof Trade Permit,2026-04-27,"7923 Woodglen Cir, Tampa FL 33615",,,,
Residential Roof Trade Permit,2026-04-27,"10912 Pond Pine Dr, Riverview FL 33569",,,,
Residential Roof Trade Permit,2026-04-27,"5824 N Thatcher Ave, Tampa FL 33614",,,,
Residential Roof Trade Permit,2026-04-27,"7912 N Woodlynne Ave, Tampa FL 33614",,,,
Residential Roof Trade Permit,2026-04-27,"414 2nd Ave SE, Lutz FL 33549",,,,
Residential Roof Trade Permit,2026-04-27,"10858 Kirkwall Port Dr, Wimauma FL 33598",,,,
Residential Roof Trade Permit,2026-04-27,"2108 Darlington Oak Dr, Seffner FL 33584",,,,
Residential Roof Trade Permit,2026-04-27,"6002 Merlinwood Dr, Lithia FL 33547",,,,
Residential Roof Trade Permit,2026-04-27,"2627 Fiddlestick Cir, Lutz FL 33559",,,,
Residential Roof Trade Permit,2026-04-27,"601 Lime Tree Rd, Tampa FL 33619",,,,
Residential Roof Trade Permit,2026-04-27,"10602 Rivercrest Dr, Riverview FL 33578",,,,
Residential Roof Trade Permit,2026-04-27,"5302 Downing St, Dover FL 33527",,,,
Residential Roof Trade Permit,2026-04-27,"7207 Somerset Pond Dr, Sun City Center FL 33573",,,,
Residential Roof Trade Permit,2026-04-27,"3015 Colonial Ridge Dr, Brandon FL 33511",,,,
Residential Roof Trade Permit,2026-04-27,"1932 Providence Rd, Brandon FL 33511",,,,
Residential Roof Trade Permit,2026-04-27,"4214 Pine Isle Dr, Lutz FL 33558",,,,
Residential Roof Trade Permit,2026-04-27,"1516 Rushgrove Cir, Dover FL 33527",,,,
Residential Roof Trade Permit,2026-04-27,"1232 Canyon Oaks Dr, Brandon FL 33510",,,,
Residential Roof Trade Permit,2026-04-27,"5940 Caldera Ridge Dr, Lithia FL 33547",,,,
Residential Roof Trade Permit,2026-04-27,"12211 N 59th St, Apt K, Tampa FL 33617",,,,
Residential Roof Trade Permit,2026-04-27,"12211 N 59th St, Apt I, Tampa FL 33617",,,,
Residential Roof Trade Permit,2026-04-27,"12211 N 59th St, Apt G, Tampa FL 33617",,,,
Residential Roof Trade Permit,2026-04-27,"12211 N 59th St, E, Tampa FL 33617",,,,
Residential Roof Trade Permit,2026-04-27,"12211 N 59th St, C, Tampa FL 33617",,,,
Residential Roof Trade Permit,2026-04-27,"12211 N 59th St, A, Tampa FL 33617",,,,
Residential Roof Trade Permit,2026-04-27,"5908 Terrace Square Dr, A, Tampa FL 33617",,,,
Residential Roof Trade Permit,2026-04-27,"5906 Terrace Square Dr, A, Tampa FL 33617",,,,
Residential Roof Trade Permit,2026-04-27,"5904 Terrace Square Dr, A, Tampa FL 33617",,,,
Residential Roof Trade Permit,2026-04-27,"5902 Terrace Square Dr, A, Tampa FL 33617",,,,
Residential Roof Trade Permit,2026-04-27,"5302 Downing St, Dover FL 33527",,,,
Residential Roof Trade Permit,2026-04-27,"5302 Downing St, Dover FL 33527",,,,
Residential Roof Trade Permit,2026-04-26,"505 S Saint Cloud Ave, Valrico FL 33594",,,,
Residential Roof Trade Permit,2026-04-26,"1410 Deauville Dr, Tampa FL 33619",,,,
Residential Roof Trade Permit,2026-04-26,"11506 Galleria Dr, Tampa FL 33618",,,,
Residential Roof Trade Permit,2026-04-26,"704 E 119th Ave, Tampa FL 33612",,,,
Residential Roof Trade Permit,2026-04-26,"10212 Lakeside Vista Dr, Riverview FL 33569",,,,
Residential Roof Trade Permit,2026-04-26,"2805 Beagle Pl, Seffner FL 33584",,,,
Residential Roof Trade Permit,2026-04-25,"16032 Grass Lake Dr, Tampa FL 33618",,,,
Residential Roof Trade Permit,2026-04-25,"6006 W Jean St, Tampa FL 33634",,,,
Residential Roof Trade Permit,2026-04-25,"1017 Cornwall Ct, Brandon FL 33510",,,,
Residential Roof Trade Permit,2026-04-24,"1908 Crown Park Dr, Valrico FL 33594",,,,
Residential Roof Trade Permit,2026-04-24,"16402 East Course Dr, Tampa FL 33624",,,,
Residential Roof Trade Permit,2026-04-24,"8008 Winston Ln, Tampa FL 33615",,,,
Residential Roof Trade Permit,2026-04-24,"2216 Lauren Cir, Brandon FL 33510",,,,
Residential Roof Trade Permit,2026-04-24,"13738 Moonstone Canyon Dr, Riverview FL 33579",,,,
Residential Roof Trade Permit,2026-04-24,"9601 Sunnyoak Dr, Riverview FL 33569",,,,
Residential Roof Trade Permit,2026-04-24,"12903 Fieldmoor Ct, Riverview FL 33579",,,,
Residential Roof Trade Permit,2026-04-24,"15302 Vireoglen Ln, Lithia FL 33547",,,,
Residential Roof Trade Permit,2026-04-24,"6034 Santa Monica Dr, Tampa FL 33615",,,,
Residential Roof Trade Permit,2026-04-24,"11155 Golden Silence Dr, Riverview FL 33579",,,,
Residential Roof Trade Permit,2026-04-24,"18121 Livingston Ave, Lutz FL 33559",,,,
Residential Roof Trade Permit,2026-04-24,"1332 Warrington Way, Tampa FL 33619",,,,
Residential Roof Trade Permit,2026-04-24,"6006 Vel St, Wimauma FL 33598",,,,
Residential Roof Trade Permit,2026-04-24,"652 Flamingo Dr, Apollo Beach FL 33572",,,,
Residential Roof Trade Permit,2026-04-24,"7011 N Clark Ave, Tampa FL 33614",,,,
Residential Roof Trade Permit,2026-04-24,"17850 Simmons Rd, Lutz FL 33548",,,,
Residential Roof Trade Permit,2026-04-24,"2438 Dovesong Trace Dr, Ruskin FL 33570",,,,
Residential Roof Trade Permit,2026-04-24,"1104 S 69th St, Tampa FL 33619",,,,
Residential Roof Trade Permit,2026-04-24,"16709 Amberhill Ln, Lutz FL 33558",,,,
Residential Roof Trade Permit,2026-04-24,"16942 Falconridge Rd, Lithia FL 33547",,,,
Residential Roof Trade Permit,2026-04-24,"8838 Alafia Cove Dr, Riverview FL 33569",,,,
Residential Roof Trade Permit,2026-04-24,"8904 Ashford Gables Ct, Tampa FL 33626",,,,
Residential Roof Trade Permit,2026-04-24,"11616 Tucker Rd, Riverview FL 33569",,,,
Residential Roof Trade Permit,2026-04-24,"4531 W Fern St, Tampa FL 33614",,,,
Residential Roof Trade Permit,2026-04-24,"16423 Lake Byrd Dr, Tampa FL 33618",,,,
Residential Roof Trade Permit,2026-04-24,"11307 Bridge Pine Dr, Riverview FL 33569",,,,
Residential Roof Trade Permit,2026-04-24,"13011 Avalon Crest Ct, Riverview FL 33579",,,,
Residential Roof Trade Permit,2026-04-24,"12039 Butler Woods Cir, Riverview FL 33579",,,,
Residential Roof Trade Permit,2026-04-24,"6009 Eldorado Dr, Tampa FL 33615",,,,
Commercial Roof Trade Permit,2026-05-01,"11009 Causeway Blvd, Brandon FL 33511",,,,
Commercial Roof Trade Permit,2026-05-01,"11025 Causeway Blvd, Brandon FL 33511",,,,
Commercial Roof Trade Permit,2026-04-30,"13201 Thomasville Cir, APT A, Tampa FL 33617",,,,
Commercial Roof Trade Permit,2026-04-30,"525 W Brandon Blvd, Brandon FL 33511",,,,
Commercial Roof Trade Permit,2026-04-30,"13150 N 20th St, Tampa FL 33612",,,,
Commercial Roof Trade Permit,2026-04-30,"12905 National Dr, APT A, Tampa FL 33617",,,,
Commercial Roof Trade Permit,2026-04-30,"13315 Thomasville Cir, APT A, Tampa FL 33617",,,,
Commercial Roof Trade Permit,2026-04-30,"13207 Thomasville Cir, APT A, Tampa FL 33617",,,,
Commercial Roof Trade Permit,2026-04-30,"13004 National Dr, APT A, Tampa FL 33617",,,,
Commercial Roof Trade Permit,2026-04-30,"13013 Thomasville Cir, APT A, Tampa FL 33617",,,,
Commercial Roof Trade Permit,2026-04-30,"13401 Thomasville Cir, APT A, Tampa FL 33617",,,,
Commercial Roof Trade Permit,2026-04-30,"13101 Thomasville Cir, APT A, Tampa FL 33617",,,,
Commercial Roof Trade Permit,2026-04-30,"13301 Thomasville Cir, APT A, Tampa FL 33617",,,,
Commercial Roof Trade Permit,2026-04-29,"16402 Cypress Mulch Cir, APT 3701, Tampa FL 33624",,,,
Commercial Roof Trade Permit,2026-04-29,"16401 Cypress Mulch Cir, APT 2001, Tampa FL 33624",,,,
Commercial Roof Trade Permit,2026-04-29,"16409 Cypress Mulch Cir, Tampa FL 33624",,,,
Commercial Roof Trade Permit,2026-04-28,"110 Hunter Rd, 102, Valrico FL 33594",,,,
Commercial Roof Trade Permit,2026-04-27,"3223 Gallagher Rd, Dover FL 33527",,,,
Commercial Roof Trade Permit,2026-04-27,"3223 Gallagher Rd, Dover FL 33527",,,,
Commercial Roof Trade Permit,2026-04-24,"10413 Saint Tropez Pl, Tampa FL 33615",,,,
Commercial Roof Trade Permit,2026-04-24,"13415 N Nebraska Ave, Tampa FL 33612",,,,
Commercial Roof Trade Permit,2026-04-24,"13149 Elk Mountain Dr, Riverview FL 33579",,,,
Commercial Roof Trade Permit,2026-04-24,"1907 E Fletcher Ave, Tampa FL 33612",,,,
Commercial Roof Trade Permit,2026-04-24,"114 Kingsway Rd, Brandon FL 33510",,,,
Residential Miscellaneous Permit,2026-05-01,"705 Rooks Rd, Seffner FL 33584",,,,
Residential Miscellaneous Permit,2026-05-01,"13917 Wellesford Way, Tampa FL 33624",,,,
Residential Miscellaneous Permit,2026-05-01,"101 Brookover Ln, Brandon FL 33511",,,,
Residential Miscellaneous Permit,2026-05-01,"4010 Leonard St, Valrico FL 33594",,,,
Residential Miscellaneous Permit,2026-05-01,"17709 Rivendel Rd, Lutz FL 33549",,,,
Residential Miscellaneous Permit,2026-05-01,"6326 Brevada Ln, Apollo Beach FL 33572",,,,
Residential Miscellaneous Permit,2026-05-01,"10505 Hinds Pl, Odessa FL 33556",,,,
Residential Miscellaneous Permit,2026-05-01,"1808 W Bearss Ave, Tampa FL 33613",,,,
Residential Miscellaneous Permit,2026-05-01,"516 Flamingo Dr, Apollo Beach FL 33572",,,,
Residential Miscellaneous Permit,2026-05-01,"5505 Golden Dr, Tampa FL 33634",,,,
Residential Miscellaneous Permit,2026-05-01,"11689 Spoonbill Run Dr, Thonotosassa FL 33592",,,,
Residential Miscellaneous Permit,2026-05-01,"17784 County Road 672, Lithia FL 33547",,,,
Residential Miscellaneous Permit,2026-05-01,"9709 Sage Creek Dr, Sun City Center FL 33573",,,,
Residential Miscellaneous Permit,2026-05-01,"2924 Forest Meadow Ave, Valrico FL 33594",,,,
Residential Miscellaneous Permit,2026-04-30,"2508 Sunny Shores Dr, Tampa FL 33618",,,,
Residential Miscellaneous Permit,2026-04-30,"9406 Bramble Ct, Tampa FL 33615",,,,
Residential Miscellaneous Permit,2026-04-30,"3308 High Tide Ct, Valrico FL 33594",,,,
Residential Miscellaneous Permit,2026-04-30,"4985 Bay Forest Ct, Wimauma FL 33598",,,,
Residential Miscellaneous Permit,2026-04-30,"4148 Pinelake Ln, APT 102, Tampa FL 33618",,,,
Residential Miscellaneous Permit,2026-04-30,"1513 Bates St, Brandon FL 33510",,,,
Residential Miscellaneous Permit,2026-04-30,"15605 Race Track Rd, Odessa FL 33556",,,,
Residential Miscellaneous Permit,2026-04-30,"7825 Marsh Pointe Dr, Tampa FL 33635",,,,
Residential Miscellaneous Permit,2026-04-30,"13039 Majestic Garden Ln, Riverview FL 33579",,,,
Residential Miscellaneous Permit,2026-04-30,"6518 King Palm Way, Apollo Beach FL 33572",,,,
Residential Miscellaneous Permit,2026-04-30,"12141 Downy Birch Dr, Riverview FL 33569",,,,
Residential Miscellaneous Permit,2026-04-30,"3313 Anna George Dr, Valrico FL 33596",,,,
Residential Miscellaneous Permit,2026-04-30,"317 Silver Falls Dr, Apollo Beach FL 33572",,,,
Residential Miscellaneous Permit,2026-04-30,"14621 Swiss Bridge Dr, Lithia FL 33547",,,,
Residential Miscellaneous Permit,2026-04-30,"3408 Valley Ranch Dr, Lutz FL 33548",,,,
Residential Miscellaneous Permit,2026-04-29,"6315 Roadstead Ct, Apollo Beach FL 33572",,,,
Residential Miscellaneous Permit,2026-04-29,"17304 Estes Rd, Lutz FL 33548",,,,
Residential Miscellaneous Permit,2026-04-29,"1003 Foxdale Pl, Valrico FL 33594",,,,
Residential Miscellaneous Permit,2026-04-29,"11005 Hannaway Dr, Riverview FL 33578",,,,
Residential Miscellaneous Permit,2026-04-29,"7211 N Cortez St, Tampa FL 33614",,,,
Residential Miscellaneous Permit,2026-04-29,"1633 Elk Spring Dr, Brandon FL 33511",,,,
Residential Miscellaneous Permit,2026-04-29,"941 Signet Dr, Apollo Beach FL 33572",,,,
Residential Miscellaneous Permit,2026-04-29,"3420 Punkin Patch Ln, Dover FL 33527",,,,
Residential Miscellaneous Permit,2026-04-29,"9826 Smarty Jones Dr, Sun City Center FL 33573",,,,
Residential Miscellaneous Permit,2026-04-29,"9745 Autumn Ridge Ave, Riverview FL 33578",,,,
Residential Miscellaneous Permit,2026-04-29,"14604 Rannoch Moor Pl, Wimauma FL 33598",,,,
Residential Miscellaneous Permit,2026-04-29,"5733 Heronpark Pl, Lithia FL 33547",,,,
Residential Miscellaneous Permit,2026-04-29,"7913 W Knights Griffin Rd, Plant City FL 33565",,,,
Residential Miscellaneous Permit,2026-04-29,"6328 Wisteria Ln, Apollo Beach FL 33572",,,,
Residential Miscellaneous Permit,2026-04-29,"13901 Basin St, Tampa FL 33625",,,,
Residential Miscellaneous Permit,2026-04-29,"13901 Basin St, Tampa FL 33625",,,,
Residential Miscellaneous Permit,2026-04-29,"10407 Grove Ln, Odessa FL 33556",,,,
Residential Miscellaneous Permit,2026-04-29,"8408 Boulder Pl, Tampa FL 33615",,,,
Residential Miscellaneous Permit,2026-04-28,"12835 Tallowood Dr, Riverview FL 33579",,,,
Residential Miscellaneous Permit,2026-04-28,"916 Symphony Beach Ln, Apollo Beach FL 33572",,,,
Residential Miscellaneous Permit,2026-04-28,"15015 Redcliff Dr, Tampa FL 33625",,,,
Residential Miscellaneous Permit,2026-04-28,"5957 Golden Nettle Dr, Apollo Beach FL 33572",,,,
Residential Miscellaneous Permit,2026-04-28,"10623 Laguna Plains Dr, Riverview FL 33578",,,,
Residential Miscellaneous Permit,2026-04-28,"5215 Bishop Rd, Wimauma FL 33598",,,,
Residential Miscellaneous Permit,2026-04-28,"12728 Westwood Lakes Blvd, Tampa FL 33626",,,,
Residential Miscellaneous Permit,2026-04-28,"11723 Winterset Cove Dr, Riverview FL 33579",,,,
Residential Miscellaneous Permit,2026-04-28,"913 Zone Tailed Hawk Pl, Ruskin FL 33570",,,,
Residential Miscellaneous Permit,2026-04-28,"8410 W Knights Griffin Rd, Plant City FL 33565",,,,
Residential Miscellaneous Permit,2026-04-28,"19333 Aqua Springs Dr, Lutz FL 33558",,,,
Residential Miscellaneous Permit,2026-04-28,"1533 Serenity Outlook Ct, Lutz FL 33548",,,,
Residential Miscellaneous Permit,2026-04-28,"10504 Out Island Dr, Tampa FL 33615",,,,
Residential Miscellaneous Permit,2026-04-28,"404 N Knights Ave, Brandon FL 33510",,,,
Residential Miscellaneous Permit,2026-04-28,"11704 Stonewood Gate Dr, Riverview FL 33579",,,,
Residential Miscellaneous Permit,2026-04-28,"6216 Boone Dr, Tampa FL 33625",,,,
Residential Miscellaneous Permit,2026-04-28,"14449 Scottburgh Glen Dr, Wimauma FL 33598",,,,
Residential Miscellaneous Permit,2026-04-28,"5975 Hidden Branch Dr, Apollo Beach FL 33572",,,,
Residential Miscellaneous Permit,2026-04-27,"7009 Kingsbury Cir, Tampa FL 33610",,,,
Residential Miscellaneous Permit,2026-04-27,"5408 Storm Rd, Lutz FL 33558",,,,
Residential Miscellaneous Permit,2026-04-27,"3307 Anna George Dr, Valrico FL 33596",,,,
Residential Miscellaneous Permit,2026-04-27,"510 Pinewalk Dr, Brandon FL 33510",,,,
Residential Miscellaneous Permit,2026-04-27,"1891 Moon Cactus Ct, Ruskin FL 33570",,,,
Residential Miscellaneous Permit,2026-04-27,"12526 Bergstrom Bay Dr, Riverview FL 33579",,,,
Residential Miscellaneous Permit,2026-04-27,"3704 Alafia Creek St, Plant City FL 33567",,,,
Residential Miscellaneous Permit,2026-04-27,"405 Lime Tree Rd, Tampa FL 33619",,,,
Residential Miscellaneous Permit,2026-04-27,"4226 Alafia Blvd, Brandon FL 33511",,,,
Residential Miscellaneous Permit,2026-04-27,"116 Silver Falls Dr, Apollo Beach FL 33572",,,,
Residential Miscellaneous Permit,2026-04-27,"1410 Atlantic Dr, Ruskin FL 33570",,,,
Residential Miscellaneous Permit,2026-04-27,"6698 W Knights Griffin Rd, Plant City FL 33565",,,,
Residential Miscellaneous Permit,2026-04-27,"16478 Horse Yard Pl, Odessa FL 33556",,,,
Residential Miscellaneous Permit,2026-04-27,"1011 Bal Harbour Dr, Apollo Beach FL 33572",,,,
Residential Miscellaneous Permit,2026-04-27,"11531 Trotting Down Dr, Odessa FL 33556",,,,
Residential Miscellaneous Permit,2026-04-27,"8118 Tanglewood Ln, Tampa FL 33615",,,,
Residential Miscellaneous Permit,2026-04-27,"8314 Willow Beach Dr, Riverview FL 33578",,,,
Residential Miscellaneous Permit,2026-04-27,"3826 Misty Landing Dr, Valrico FL 33594",,,,
Residential Miscellaneous Permit,2026-04-26,"5975 Jensen View Ave, Apollo Beach FL 33572",,,,
Residential Miscellaneous Permit,2026-04-26,"10810 Monica Dr, Gibsonton FL 33534",,,,
Residential Miscellaneous Permit,2026-04-25,"6106 Crickethollow Dr, Riverview FL 33578",,,,
Residential Miscellaneous Permit,2026-04-24,"2111 Rottwell Ct, Brandon FL 33510",,,,
Residential Miscellaneous Permit,2026-04-24,"6610 Myrna Dr, Tampa FL 33619",,,,
Residential Miscellaneous Permit,2026-04-24,"6249 Hidden Branch Dr, Apollo Beach FL 33572",,,,
Residential Miscellaneous Permit,2026-04-24,"7834 Riverwood Oaks Dr, Riverview FL 33578",,,,
Residential Miscellaneous Permit,2026-04-24,"5103 Big Stand Ln, Wimauma FL 33598",,,,
Residential Miscellaneous Permit,2026-04-24,"12004 Cinnamon Fern Dr, Riverview FL 33579",,,,
Residential Miscellaneous Permit,2026-04-24,"6150 Jensen View Ave, Apollo Beach FL 33572",,,,
Residential Miscellaneous Permit,2026-04-24,"6035 Lakeside Dr, Lutz FL 33558",,,,
Residential Miscellaneous Permit,2026-04-24,"8201 Stoner Woods Dr, Riverview FL 33569",,,,
Residential Miscellaneous Permit,2026-04-24,"9423 Greenpointe Dr, Tampa FL 33626",,,,
Residential Miscellaneous Permit,2026-04-24,"5441 Sweetwater Terrace Cir, Tampa FL 33634",,,,
Residential Miscellaneous Permit,2026-04-24,"5618 Horton Rd, Plant City FL 33567",,,,
Residential Miscellaneous Permit,2026-04-24,"14848 Balm Rd, Wimauma FL 33598",,,,
Residential Miscellaneous Permit,2026-04-24,"5169 Wildwind Dr, Apollo Beach FL 33572",,,,
Residential Miscellaneous Permit,2026-04-24,"5835 Taywood Dr, Tampa FL 33624",,,,
Residential Miscellaneous Permit,2026-04-24,"402 Sparkman Rd, Plant City FL 33566",,,,
Residential Miscellaneous Permit,2026-04-24,"115 Coral Crest Dr, Lot 172, Valrico FL 33594",,,,
Residential Miscellaneous Permit,2026-04-24,"5426 Logan Cave Ave, Wimauma FL 33598",,,,
Residential Miscellaneous Permit,2026-04-24,"405 Lime Tree Rd, Tampa FL 33619",,,,
Residential Miscellaneous Permit,2026-04-24,"8738 Sandy Plains Dr, Riverview FL 33578",,,,
